contentId	titleName	versionFileUri
IP9100-PPSA01280_00-SFSRELE000000100	Share Factory Studio	https://sgst.prod.dl.playstation.net/sgst/prod/00/np/PPSA01280_00/d8ec167a-59da-4e54-8e2c-1161c706516a-version.xml
EP9000-PPSA01288_00-SACKBOYADVENTURE	Sackboy: A Big Adventure	https://sgst.prod.dl.playstation.net/sgst/prod/00/np/PPSA01288_00/1db8a953-699b-47e8-8082-799b1eea8118-version.xml
UP9000-PPSA01289_00-SACKBOYADVENTURE	Sackboy: A Big Adventure	https://sgst.prod.dl.playstation.net/sgst/prod/00/np/PPSA01289_00/0c1789e3-10b1-41eb-8ede-c159db8ef1e7-version.xml
JP9000-PPSA01291_00-SACKBOYADVENTURE	Sackboy™: A Big Adventure	https://sgst.prod.dl.playstation.net/sgst/prod/00/np/PPSA01291_00/04593efe-23f5-4265-9f21-16b880cead6a-version.xml
HP9000-PPSA01292_00-SACKBOYADVENTURE	Sackboy™: A Big Adventure	https://sgst.prod.dl.playstation.net/sgst/prod/00/np/PPSA01292_00/183fd31e-647e-4570-9328-2956dc17dd44-version.xml
IP9100-PPSA01325_00-PREINMASTER00000	ASTRO's PLAYROOM	https://sgst.prod.dl.playstation.net/sgst/prod/00/np/PPSA01325_00/c0d746cf-c687-4e72-946a-e2396b584362-version.xml
EP0006-PPSA01326_00-FIFAFOOTBALL2021	FIFA 21	https://sgst.prod.dl.playstation.net/sgst/prod/00/np/PPSA01326_00/ed802cf3-5b7b-4f09-9956-1421ca3f8b4a-version.xml
UP0006-PPSA01327_00-FIFAFOOTBALL2021	FIFA 21	https://sgst.prod.dl.playstation.net/sgst/prod/00/np/PPSA01327_00/59c1ad8c-bcce-4818-9dac-c6dd10635f95-version.xml
JP9000-PPSA01339_00-DEMONSSOULS00000	Demon's Souls	https://sgst.prod.dl.playstation.net/sgst/prod/00/np/PPSA01339_00/8fcbff25-ab51-4af0-a805-6200e57a67b9-version.xml
UP9000-PPSA01342_00-DEMONSSOULS00000	Demon's Souls	https://sgst.prod.dl.playstation.net/sgst/prod/00/np/PPSA01342_00/395a8ad3-0720-4ab6-bc70-c7e818879595-version.xml
UP0006-PPSA01343_00-MADDENNFL21GAME1	Madden NFL 21	https://sgst.prod.dl.playstation.net/sgst/prod/00/np/PPSA01343_00/333f0639-d911-45d5-8b2f-1bf7849355dd-version.xml
EP0006-PPSA01344_00-MADDENNFL21GAME1	Madden NFL 21	https://sgst.prod.dl.playstation.net/sgst/prod/00/np/PPSA01344_00/5db7d7f7-caab-4759-b528-f370d68c0935-version.xml
UP0292-PPSA01347_00-GODFALL000000000	Godfall	https://sgst.prod.dl.playstation.net/sgst/prod/00/np/PPSA01347_00/e1cfc32c-d526-4cd1-bae7-5cbf55c8ebf6-version.xml
EP4008-PPSA01363_00-WRC9SIEE00000000	WRC 9 FIA World Rally Championship	https://sgst.prod.dl.playstation.net/sgst/prod/00/np/PPSA01363_00/fc793c99-1eb9-44a2-906c-e043702ed9b3-version.xml
UP4008-PPSA01364_00-WRC9SIEA00000000	WRC 9 FIA World Rally Championship	https://sgst.prod.dl.playstation.net/sgst/prod/00/np/PPSA01364_00/558d81bd-6521-4fdf-b2dc-cbc506e2ca35-version.xml
UP1001-PPSA01387_00-NBA2K21000000000	NBA 2K21	https://sgst.prod.dl.playstation.net/sgst/prod/00/np/PPSA01387_00/a519b63e-91bd-4b06-8361-9e4ca02f137d-version.xml
UP0001-PPSA01396_00-RAINBOWSIXSIEGE0	Tom Clancy's Rainbow Six® Siege	https://sgst.prod.dl.playstation.net/sgst/prod/00/np/PPSA01396_00/6a283a86-7b14-4380-84d1-2aeab5a509ab-version.xml
EP0001-PPSA01397_00-RAINBOWSIXSIEGE0	Tom Clancy's Rainbow Six® Siege	https://sgst.prod.dl.playstation.net/sgst/prod/00/np/PPSA01397_00/8a1cab18-f015-4e12-9b59-04c5fde6bb60-version.xml
UP9000-PPSA01411_00-MARVELSSMMORALES	Marvel's Spider-Man: Miles Morales	https://sgst.prod.dl.playstation.net/sgst/prod/00/np/PPSA01411_00/74289cac-d011-4fc8-88f4-6c2e36bfa908-version.xml
EP2034-PPSA01412_00-NOMANSSKYHG00001	No Man's Sky	https://sgst.prod.dl.playstation.net/sgst/prod/00/np/PPSA01412_00/9c9af5bc-0037-4dff-9def-7148714fce5d-version.xml
EP9000-PPSA01417_00-MARVELSSMMORALES	Marvel's Spider-Man: Miles Morales	https://sgst.prod.dl.playstation.net/sgst/prod/00/np/PPSA01417_00/c17acfd2-117e-47fd-a82c-cd18794ae658-version.xml
JP9000-PPSA01418_00-MARVELSMSMORALES	Marvel's Spider-Man: Miles Morales	https://sgst.prod.dl.playstation.net/sgst/prod/00/np/PPSA01418_00/76687e64-cd93-498f-93b2-b7bcaff49d7b-version.xml
HP9000-PPSA01419_00-MARVELSSMMORALES	Marvel's Spider-Man: Miles Morales	https://sgst.prod.dl.playstation.net/sgst/prod/00/np/PPSA01419_00/19bfe524-3054-40ef-adeb-9772e6be5fb1-version.xml
EP0006-PPSA01430_00-FIFAFOOTBALL2021	FIFA 21	https://sgst.prod.dl.playstation.net/sgst/prod/00/np/PPSA01430_00/123c6865-d129-4284-890c-016710cd30a3-version.xml
EP0006-PPSA01432_00-FIFAFOOTBALL2021	FIFA 21	https://sgst.prod.dl.playstation.net/sgst/prod/00/np/PPSA01432_00/395b664f-b517-4c51-95af-700c40fda58a-version.xml
UP0102-PPSA01442_00-DMC5000000000001	Devil May Cry 5 Special Edition	https://sgst.prod.dl.playstation.net/sgst/prod/00/np/PPSA01442_00/226b7866-2cb4-488e-b169-667861a18b76-version.xml
EP4008-PPSA01445_00-WHCBSIEE00000000	Warhammer: Chaosbane Enhanced Edition	https://sgst.prod.dl.playstation.net/sgst/prod/00/np/PPSA01445_00/8e9f3eae-56d8-4f97-9d01-f77095aaa1d0-version.xml
UP4008-PPSA01446_00-WHCBSIEA00000000	Warhammer: Chaosbane Enhanced Edition	https://sgst.prod.dl.playstation.net/sgst/prod/00/np/PPSA01446_00/864d11b7-6283-4391-a2fb-5c1d58ad1e1f-version.xml
EP9000-PPSA01460_00-MARVELSSMMORALES	Marvel's Spider-Man: Miles Morales	https://sgst.prod.dl.playstation.net/sgst/prod/00/np/PPSA01460_00/d79257af-1f04-4776-8de2-a1de009a5e32-version.xml
EP9000-PPSA01461_00-MARVELSSMMORALES	Marvel's Spider-Man: Miles Morales	https://sgst.prod.dl.playstation.net/sgst/prod/00/np/PPSA01461_00/8de33b32-03a3-4a2d-8bb1-87c68152d74f-version.xml
UP1001-PPSA01462_00-0000000OAKNGSIEA	Borderlands® 3	https://sgst.prod.dl.playstation.net/sgst/prod/00/np/PPSA01462_00/ed616f4d-c5de-47b3-a7ad-68ce8224f91e-version.xml
EP1001-PPSA01463_00-0000000OAKNGSIEE	Borderlands® 3	https://sgst.prod.dl.playstation.net/sgst/prod/00/np/PPSA01463_00/4e400b2f-9fec-400c-97ab-307b529adb57-version.xml
UP9000-PPSA01467_00-MARVELSSPIDERMAN	Marvel's Spider-Man Remastered	https://sgst.prod.dl.playstation.net/sgst/prod/00/np/PPSA01467_00/3aac92ba-ba6a-41bd-a43f-c224c13ff051-version.xml
UP0001-PPSA01487_00-ORWFULLGAME00000	Watch Dogs®: Legion	https://sgst.prod.dl.playstation.net/sgst/prod/00/np/PPSA01487_00/10e74c69-286c-44ad-bade-3321a464637a-version.xml
EP0001-PPSA01488_00-ORWFULLGAME00000	Watch Dogs®: Legion	https://sgst.prod.dl.playstation.net/sgst/prod/00/np/PPSA01488_00/f316ebfb-6159-46c8-bec2-ed167d1208eb-version.xml
JP0001-PPSA01489_00-ORWFULLGAME00000	Watch Dogs®: Legion	https://sgst.prod.dl.playstation.net/sgst/prod/00/np/PPSA01489_00/f4d49f53-3a6a-4f8b-a574-e4a64075cd68-version.xml
EP0001-PPSA01490_00-GAME000000000000	Assassin's Creed® Valhalla	https://sgst.prod.dl.playstation.net/sgst/prod/00/np/PPSA01490_00/b94df226-94ce-4cac-897a-161efd9124a1-version.xml
UP0001-PPSA01491_00-GAME000000000000	Assassin's Creed® Valhalla	https://sgst.prod.dl.playstation.net/sgst/prod/00/np/PPSA01491_00/a74afd96-ee9a-4d79-a1a6-0603f1ef98dc-version.xml
EP0001-PPSA01500_00-ORWFULLGAME00000	Watch Dogs®: Legion	https://sgst.prod.dl.playstation.net/sgst/prod/00/np/PPSA01500_00/99f7426c-8dd4-4d5e-a597-abb9b799aa42-version.xml
EP0001-PPSA01501_00-ORWFULLGAME00000	Watch Dogs®: Legion	https://sgst.prod.dl.playstation.net/sgst/prod/00/np/PPSA01501_00/5abf546b-163c-4956-b8f9-ddb3fed4adb8-version.xml
UP2104-PPSA01502_00-BSNAX92769600533	Bugsnax	https://sgst.prod.dl.playstation.net/sgst/prod/00/np/PPSA01502_00/de5337e4-19fb-43fe-8f10-b49ff5c395bc-version.xml
JP0001-PPSA01504_00-GAME000000000000	Assassin's Creed® Valhalla	https://sgst.prod.dl.playstation.net/sgst/prod/00/np/PPSA01504_00/1faf9b07-67a3-4672-8c2e-09bd51acfc5b-version.xml
EP0001-PPSA01506_00-GAME000000000000	Immortals Fenyx Rising ™	https://sgst.prod.dl.playstation.net/sgst/prod/00/np/PPSA01506_00/bbe211a3-418e-4c5c-8c09-4b9541e3ec4c-version.xml
UP0001-PPSA01507_00-GAME000000000000	Immortals Fenyx Rising ™	https://sgst.prod.dl.playstation.net/sgst/prod/00/np/PPSA01507_00/d5aee0f2-2969-4176-92c5-3318e080a93d-version.xml
JP0001-PPSA01508_00-GAME000000000000	Immortals Fenyx Rising ™	https://sgst.prod.dl.playstation.net/sgst/prod/00/np/PPSA01508_00/42e33fd1-9cc2-46db-8c87-60ea9e3ec5ed-version.xml
EP4064-PPSA01526_00-7366148917983053	Worms Rumble	https://sgst.prod.dl.playstation.net/sgst/prod/00/np/PPSA01526_00/779e24da-2175-458f-b42d-e69f4e6a75f8-version.xml
UP4064-PPSA01527_00-6386505284144437	Worms Rumble	https://sgst.prod.dl.playstation.net/sgst/prod/00/np/PPSA01527_00/eecbdb37-7341-458a-85bc-69186f6622d5-version.xml
EP4064-PPSA01528_00-0538983162460184	Overcooked! All You Can Eat	https://sgst.prod.dl.playstation.net/sgst/prod/00/np/PPSA01528_00/04142c08-4d23-48f9-bd29-d466e0749685-version.xml
UP4064-PPSA01529_00-4759077947287005	Overcooked! All You Can Eat	https://sgst.prod.dl.playstation.net/sgst/prod/00/np/PPSA01529_00/abf04d95-a0fa-4865-90a6-ed058560bf13-version.xml
JP0177-PPSA01530_00-TENPEXTENPEX0000	Puyo Puyo™ Tetris® 2	https://sgst.prod.dl.playstation.net/sgst/prod/00/np/PPSA01530_00/2311a1ff-dcb2-41f8-ab3e-65b99e3b920b-version.xml
EP0001-PPSA01532_00-GAME000000000000	Assassin's Creed® Valhalla	https://sgst.prod.dl.playstation.net/sgst/prod/00/np/PPSA01532_00/28cac58b-7631-4516-b5a1-fd5728bc8f6d-version.xml
EP0001-PPSA01533_00-GAME000000000000	Assassin's Creed® Valhalla	https://sgst.prod.dl.playstation.net/sgst/prod/00/np/PPSA01533_00/38290eb1-5bba-4676-82a6-ec1234c5cfe2-version.xml
EP4001-PPSA01551_00-DIRTFIVEPS5EDITI	DIRT5	https://sgst.prod.dl.playstation.net/sgst/prod/00/np/PPSA01551_00/945ec86b-3049-42eb-8e10-c3e1bf0a1378-version.xml
UP4001-PPSA01552_00-DIRTFIVEPS5EDITI	DIRT5	https://sgst.prod.dl.playstation.net/sgst/prod/00/np/PPSA01552_00/013a769d-9ef5-471f-bd56-202763fe0379-version.xml
UP0774-PPSA01561_00-0153114161082772	Haven	https://sgst.prod.dl.playstation.net/sgst/prod/00/np/PPSA01561_00/e01eaa8b-3986-4f2e-ba0a-c2a2e68c8129-version.xml
UP1018-PPSA01617_00-00MORTALKOMBAT11	Mortal Kombat 11	https://sgst.prod.dl.playstation.net/sgst/prod/00/np/PPSA01617_00/22fce07e-73c2-4d0a-b988-305dccf7a86d-version.xml
EP1018-PPSA01619_00-00MORTALKOMBAT11	Mortal Kombat 11	https://sgst.prod.dl.playstation.net/sgst/prod/00/np/PPSA01619_00/d13316b3-ee9c-4082-bc86-f8a38f4c1278-version.xml
UP0002-PPSA01628_00-CODCWTHEGAME0001	Call of Duty®: Black Ops Cold War	https://sgst.prod.dl.playstation.net/sgst/prod/00/np/PPSA01628_00/c3b86344-f439-477e-b5f6-fd1daad00ed0-version.xml
EP2377-PPSA01735_00-PLANETCOASTER000	Planet Coaster	https://sgst.prod.dl.playstation.net/sgst/prod/00/np/PPSA01735_00/1161facb-2845-47c7-af1e-81404dc00637-version.xml
UP2514-PPSA01736_00-PLANETCOASTER000	Planet Coaster	https://sgst.prod.dl.playstation.net/sgst/prod/00/np/PPSA01736_00/8d426b3e-d689-4712-88e7-7543f5a16a90-version.xml
UP2097-PPSA01737_00-WARFRAMEPS500000	Warframe	https://sgst.prod.dl.playstation.net/sgst/prod/00/np/PPSA01737_00/5ce04010-093d-4478-9d67-3387ac3cdb3d-version.xml
UP3864-PPSA01800_00-TEMTEM000000000A	Temtem	https://sgst.prod.dl.playstation.net/sgst/prod/00/np/PPSA01800_00/040a2f09-333a-44cb-bb25-dfbdbaafaceb-version.xml
UP2470-PPSA01825_00-PATHLESSSIEA0000	The Pathless	https://sgst.prod.dl.playstation.net/sgst/prod/00/np/PPSA01825_00/65724500-c485-4117-b31c-e7e905e7493f-version.xml
EP2333-PPSA01826_00-PATHLESSSIEE0000	The Pathless	https://sgst.prod.dl.playstation.net/sgst/prod/00/np/PPSA01826_00/f5d50082-c248-4137-8583-df9e290cfe0f-version.xml
UP0115-PPSA01861_00-MANEATER00000001	Maneater	https://sgst.prod.dl.playstation.net/sgst/prod/00/np/PPSA01861_00/0dc09abf-89df-45f0-9ea4-0ceb9cf7df96-version.xml
EP0114-PPSA01862_00-MANEATER00000001	Maneater	https://sgst.prod.dl.playstation.net/sgst/prod/00/np/PPSA01862_00/6cf20cc0-645f-4fcc-b5c8-092679f5cef0-version.xml
UP1477-PPSA01922_00-FORTNITETESTING2	Fortnite	https://sgst.prod.dl.playstation.net/sgst/prod/00/np/PPSA01922_00/cbafb8dc-c780-4137-af2c-2aa0a8e2afc2-version.xml
EP1464-PPSA01923_00-FORTNITETESTING2	Fortnite	https://sgst.prod.dl.playstation.net/sgst/prod/00/np/PPSA01923_00/b2cabdbe-d5f2-43e1-a108-5b95f380fbdd-version.xml
UP0177-PPSA01937_00-TENPEXTENPEX0000	Puyo Puyo™ Tetris® 2	https://sgst.prod.dl.playstation.net/sgst/prod/00/np/PPSA01937_00/8f19d4a5-9f5c-4985-ae87-ecfa34c660bd-version.xml
EP0177-PPSA01938_00-TENPEXTENPEX0000	Puyo Puyo™ Tetris® 2	https://sgst.prod.dl.playstation.net/sgst/prod/00/np/PPSA01938_00/4e0bf9a8-b989-424f-85e0-4dd58676e1f9-version.xml
EP4432-PPSA01948_00-5311322004715828	War Thunder	https://sgst.prod.dl.playstation.net/sgst/prod/00/np/PPSA01948_00/eb9c490e-13d0-4329-a8bf-e48e5d4c74da-version.xml
UP4432-PPSA01950_00-2173548409910606	War Thunder	https://sgst.prod.dl.playstation.net/sgst/prod/00/np/PPSA01950_00/8f1497d1-4693-4493-8b59-01248ffd020e-version.xml
EP2097-PPSA01980_00-7357509687265755	Warframe	https://sgst.prod.dl.playstation.net/sgst/prod/00/np/PPSA01980_00/037d5d41-db9e-4b39-8a0c-aff78b557559-version.xml
UP3509-PPSA02048_00-DEADBYDAYLIGHT00	Dead by Daylight	https://sgst.prod.dl.playstation.net/sgst/prod/00/np/PPSA02048_00/47a0c194-46c9-4547-b82f-aaaf7340cb49-version.xml
EP3367-PPSA02049_00-DEADBYDAYLIGHT00	Dead by Daylight	https://sgst.prod.dl.playstation.net/sgst/prod/00/np/PPSA02049_00/8ebb13e7-a984-403f-9c9b-e541f8f7c47d-version.xml
JP9201-PPSA02052_00-CODCWTHEGAME0001	Call of Duty®: Black Ops Cold War	https://sgst.prod.dl.playstation.net/sgst/prod/00/np/PPSA02052_00/b2ddaa07-27be-4a2a-b5e0-38d0067b2fdd-version.xml
HP0106-PPSA02095_00-RYZA200000MASTER	萊莎的鍊金工房２ ～失落傳說與秘密妖精～	https://sgst.prod.dl.playstation.net/sgst/prod/00/np/PPSA02095_00/abed899f-ce21-401f-a163-f7ada9371ff4-version.xml
JP0106-PPSA02097_00-RYZA200000MASTER	ライザのアトリエ２ ～失われた伝承と秘密の妖精～	https://sgst.prod.dl.playstation.net/sgst/prod/00/np/PPSA02097_00/7ed8dae4-b306-4cab-8e66-06ae1a0787d9-version.xml
UP2034-PPSA02110_00-NOMANSSKYHG00001	No Man's Sky	https://sgst.prod.dl.playstation.net/sgst/prod/00/np/PPSA02110_00/f4cb6658-c16e-4751-a2e1-fec2afa2725a-version.xml
JP0020-PPSA02111_00-NOMANSSKYHG00001	No Man's Sky	https://sgst.prod.dl.playstation.net/sgst/prod/00/np/PPSA02111_00/7fbd2f49-a049-4ec2-83f5-a864fc41c727-version.xml
HP2034-PPSA02112_00-NOMANSSKYHG00001	No Man's Sky	https://sgst.prod.dl.playstation.net/sgst/prod/00/np/PPSA02112_00/ccc4d637-789f-4156-bfea-60425c4e164d-version.xml
EP4176-PPSA02117_00-OBSERVER0SR00000	Observer: System Redux	https://sgst.prod.dl.playstation.net/sgst/prod/00/np/PPSA02117_00/fd6e2163-ffe7-4032-b69d-a6166a5de301-version.xml
UP4176-PPSA02118_00-OBSERVER0SR00000	Observer: System Redux	https://sgst.prod.dl.playstation.net/sgst/prod/00/np/PPSA02118_00/79db9d1a-0388-4356-b2dc-5791ab749471-version.xml
JP1201-PPSA02190_00-8765687607573553	War Thunder	https://sgst.prod.dl.playstation.net/sgst/prod/00/np/PPSA02190_00/cac36118-d25c-4e62-a92c-29217841d5de-version.xml
UP1260-PPSA02306_00-SPIRITPS5SIEA001	Spirit of the North: Enhanced Edition	https://sgst.prod.dl.playstation.net/sgst/prod/00/np/PPSA02306_00/84f670bc-edde-4891-9cdb-ce0fd951705b-version.xml
JP0141-PPSA02323_00-8148339690872080	Warframe	https://sgst.prod.dl.playstation.net/sgst/prod/00/np/PPSA02323_00/872fbda4-724c-4a28-915b-4ec801a3966f-version.xml
JP0177-PPSA02329_00-TENPEXTENPEXDEMO	Puyo Puyo™ Tetris® 2 Demo Version	https://sgst.prod.dl.playstation.net/sgst/prod/00/np/PPSA02329_00/01217667-2fea-4a9e-a031-84d772d13311-version.xml
UP0002-PPSA02409_00-DESTINYTHEGAME02	Destiny 2	https://sgst.prod.dl.playstation.net/sgst/prod/00/np/PPSA02409_00/e10c70a7-b498-417e-a8af-3bf567f09693-version.xml
EP0002-PPSA02410_00-DESTINYTHEGAME02	Destiny 2	https://sgst.prod.dl.playstation.net/sgst/prod/00/np/PPSA02410_00/ae9740e2-acc7-48b9-8d6e-88d61d721314-version.xml
JP9200-PPSA02411_00-DESTINYTHEGAME02	Destiny 2	https://sgst.prod.dl.playstation.net/sgst/prod/00/np/PPSA02411_00/8614e1f0-62db-4547-aede-486022054e5d-version.xml
JP1201-PPSA02189_00-7950242514954200	CRSED	https://sgst.prod.dl.playstation.net/sgst/prod/00/np/PPSA02189_00/91be301a-f659-4403-82f0-91773fe7b592-version.xml
EP4432-PPSA01965_00-2179514901178236	CRSED	https://sgst.prod.dl.playstation.net/sgst/prod/00/np/PPSA01965_00/9c0e63f7-cf16-477d-aaf2-604babbc8899-version.xml
UP4432-PPSA01966_00-7443176555436739	CRSED	https://sgst.prod.dl.playstation.net/sgst/prod/00/np/PPSA01966_00/e8e6033b-54ad-46fe-b0e7-4a26fd831c32-version.xml
JP0031-PPSA01565_00-GOGOGOJIGENNEPR1	Go!Go!5次元GAME ネプテューヌ re★Verse	https://sgst.prod.dl.playstation.net/sgst/prod/00/np/PPSA01565_00/3829e5d1-31fb-45c6-893f-267883e43ac0-version.xml
EP4908-PPSA01908_00-OVERRIDEBASEGAME	Override 2: Super Mech League	https://sgst.prod.dl.playstation.net/sgst/prod/00/np/PPSA01908_00/3473168a-0437-4a58-bd31-ff4a24ec4810-version.xml
UP4735-PPSA01907_00-OVERRIDEBASEGAME	Override 2: Super Mech League	https://sgst.prod.dl.playstation.net/sgst/prod/00/np/PPSA01907_00/540cdc79-cf13-4f74-bc10-e107a4e61c3e-version.xml
JP1511-PPSA01539_00-BSNAX27592500802	Bugsnax	https://sgst.prod.dl.playstation.net/sgst/prod/00/np/PPSA01539_00/f72dbf58-53ca-4c6a-9e4c-0f240b7a810f-version.xml
UP0001-PPSA01409_00-JD2021PS5SCEA000	Just Dance® 2021	https://sgst.prod.dl.playstation.net/sgst/prod/00/np/PPSA01409_00/e5c8ef3d-7ecc-4693-9ba6-1b7abb43ba10-version.xml
HP2104-PPSA01540_00-BSNAX16543620005	Bugsnax	https://sgst.prod.dl.playstation.net/sgst/prod/00/np/PPSA01540_00/690e86b6-62fb-4a4e-97e1-0296f05218ba-version.xml
JP0102-PPSA01444_00-DMC5000000000001	Devil May Cry 5 Special Edition	https://sgst.prod.dl.playstation.net/sgst/prod/00/np/PPSA01444_00/8ebe4246-c7f1-459c-9d55-cce58b8446dc-version.xml
EP0002-PPSA02050_00-CODCWTHEGAME0001	Call of Duty®: Black Ops Cold War	https://sgst.prod.dl.playstation.net/sgst/prod/00/np/PPSA02050_00/57b60853-3595-4aa6-8831-36b5d604ffd1-version.xml
UP0006-PPSA01433_00-FIFAFOOTBALL2021	FIFA 21	https://sgst.prod.dl.playstation.net/sgst/prod/00/np/PPSA01433_00/4124d985-2b80-49cf-a7f9-f6b7d500cd33-version.xml
UP1018-PPSA01618_00-00MORTALKOMBAT11	Mortal Kombat 11	https://sgst.prod.dl.playstation.net/sgst/prod/00/np/PPSA01618_00/f3a53826-4db4-4320-aaa0-f510d599cf34-version.xml
EP0001-PPSA01510_00-GAME000000000000	Immortals Fenyx Rising ™	https://sgst.prod.dl.playstation.net/sgst/prod/00/np/PPSA01510_00/2ca91f4a-2a8e-4649-bd7a-e3c847ee661d-version.xml
EP0006-PPSA01431_00-FIFAFOOTBALL2021	FIFA 21	https://sgst.prod.dl.playstation.net/sgst/prod/00/np/PPSA01431_00/bdf52c2a-006d-4f7a-a4b5-597a1d82bf91-version.xml
EP0001-PPSA01660_00-RAINBOWSIXSIEGE0	Tom Clancy's Rainbow Six® Siege	https://sgst.prod.dl.playstation.net/sgst/prod/00/np/PPSA01660_00/4c589982-135f-4ba1-b08a-4055cc61c6f3-version.xml
EP0001-PPSA01509_00-GAME000000000000	Immortals Fenyx Rising ™	https://sgst.prod.dl.playstation.net/sgst/prod/00/np/PPSA01509_00/07aa8596-bbe2-452f-b6f7-5e694489f4dd-version.xml
UP4572-PPSA01768_00-HITMANGAME000003	HITMAN 3	https://sgst.prod.dl.playstation.net/sgst/prod/00/np/PPSA01768_00/a0752bfe-5d19-4cfb-9594-c72bbfb222de-version.xml
EP3969-PPSA01769_00-HITMANGAME000003	HITMAN 3	https://sgst.prod.dl.playstation.net/sgst/prod/00/np/PPSA01769_00/46ef2f3b-b0ff-41f5-b8dd-f181d6bd4352-version.xml
JP1201-PPSA02583_00-RIDE4FULLGAME000	RIDE 4	https://sgst.prod.dl.playstation.net/sgst/prod/00/np/PPSA02583_00/98e6bfb4-a84d-4e07-a278-db9ef55a3f10-version.xml
EP4356-PPSA01599_00-RIDE4FULLGAME000	RIDE 4	https://sgst.prod.dl.playstation.net/sgst/prod/00/np/PPSA01599_00/4cf06558-ef94-4cb8-9f2e-7a064c6af331-version.xml
UP1981-PPSA01598_00-RIDE4FULLGAME000	RIDE 4	https://sgst.prod.dl.playstation.net/sgst/prod/00/np/PPSA01598_00/6a655191-a820-4b47-8131-7edfc937f623-version.xml
JP0102-PPSA01856_00-DEMOVILLAGE00001	MAIDEN	https://sgst.prod.dl.playstation.net/sgst/prod/00/np/PPSA01856_00/0710ed96-6685-456c-bd44-eb1ea814fdcd-version.xml
HP0102-PPSA01857_00-DEMOVILLAGE00001	MAIDEN	https://sgst.prod.dl.playstation.net/sgst/prod/00/np/PPSA01857_00/54458757-9f56-4b92-9e30-92ad2714d338-version.xml
UP0102-PPSA01858_00-DEMOVILLAGE00001	MAIDEN	https://sgst.prod.dl.playstation.net/sgst/prod/00/np/PPSA01858_00/0a2f508a-7223-4abc-ad46-853df4657003-version.xml
EP0102-PPSA01859_00-DEMOVILLAGE00001	MAIDEN	https://sgst.prod.dl.playstation.net/sgst/prod/00/np/PPSA01859_00/16bce0ca-3f99-4bf4-819c-5f0370c9f769-version.xml
JP0106-PPSA02463_00-NIOH2CE000000000	Nioh 2 Remastered - The Complete Edition	https://sgst.prod.dl.playstation.net/sgst/prod/00/np/PPSA02463_00/c26d539f-773a-49f0-9604-5dcf9bed6ab0-version.xml
JP0106-PPSA02464_00-NIOHCEPS50000000	Nioh Remastered - The Complete Edition	https://sgst.prod.dl.playstation.net/sgst/prod/00/np/PPSA02464_00/7e5aa790-edb8-4239-90fa-fb0362950cd7-version.xml
UP4108-PPSA02093_00-RYZA200000MASTER	Atelier Ryza 2: Lost Legends & the Secret Fairy	https://sgst.prod.dl.playstation.net/sgst/prod/00/np/PPSA02093_00/d405d215-7c6c-4f80-85df-b5e9f2f0ca59-version.xml
JP0001-PPSA02699_00-DEMO000000000000	Immortals Fenyx Rising ™ - Demo	https://sgst.prod.dl.playstation.net/sgst/prod/00/np/PPSA02699_00/0a4cf805-42cd-4b9a-84d8-a7652321b29d-version.xml
JP0082-PPSA02445_00-BALANWW500000002	BALAN WONDERWORLD Demo	https://sgst.prod.dl.playstation.net/sgst/prod/00/np/PPSA02445_00/cd632d16-a5ac-488c-b333-6fbe09c73a11-version.xml
JP0700-PPSA01658_00-BO2PS50000000000	MOBILE SUIT GUNDAM BATTLE OPERATION 2	https://sgst.prod.dl.playstation.net/sgst/prod/00/np/PPSA01658_00/710873bf-4393-4efa-b69c-3c0b94a140f9-version.xml
EP0001-PPSA02587_00-DEMO000000000000	Immortals Fenyx Rising ™ - Demo	https://sgst.prod.dl.playstation.net/sgst/prod/00/np/PPSA02587_00/075c98fe-2516-4671-a6b3-73377c601df9-version.xml
EP0082-PPSA02447_00-BALANWW5E0000002	BALAN WONDERWORLD Demo	https://sgst.prod.dl.playstation.net/sgst/prod/00/np/PPSA02447_00/aa1c7cc8-42c0-4265-8ac5-60d364b9fdce-version.xml
EP4108-PPSA02094_00-RYZA200000MASTER	Atelier Ryza 2: Lost Legends & the Secret Fairy	https://sgst.prod.dl.playstation.net/sgst/prod/00/np/PPSA02094_00/14d47b9a-a640-4cc8-a793-356306b421e1-version.xml
EP0700-PPSA02451_00-BO2PS50000000000	MOBILE SUIT GUNDAM BATTLE OPERATION 2	https://sgst.prod.dl.playstation.net/sgst/prod/00/np/PPSA02451_00/89b27047-fbb2-49fa-92ea-7e15394f4324-version.xml
EP0001-PPSA02707_00-DEMO000000000000	Immortals Fenyx Rising ™ - Demo	https://sgst.prod.dl.playstation.net/sgst/prod/00/np/PPSA02707_00/9dd9101e-8dba-49c2-b4f7-ebc90d0d8e80-version.xml
EP0001-PPSA02708_00-DEMO000000000000	Immortals Fenyx Rising ™ - Demo	https://sgst.prod.dl.playstation.net/sgst/prod/00/np/PPSA02708_00/0b1cf525-01c1-471d-bb95-ff01fb924117-version.xml
UP0001-PPSA02588_00-DEMO000000000000	Immortals Fenyx Rising ™ - Demo	https://sgst.prod.dl.playstation.net/sgst/prod/00/np/PPSA02588_00/1b1d17d2-06f5-41bd-b57f-f43a7d49c4a2-version.xml
HP0082-PPSA02448_00-BALANWW5AS000002	BALAN WONDERWORLD Demo	https://sgst.prod.dl.playstation.net/sgst/prod/00/np/PPSA02448_00/1041c14f-7b80-4a77-9128-6b64c08b356f-version.xml
UP0082-PPSA02446_00-BALANWW5A0000002	BALAN WONDERWORLD Demo	https://sgst.prod.dl.playstation.net/sgst/prod/00/np/PPSA02446_00/87adef14-a8ed-4808-b379-d2ff325b841e-version.xml
UP0700-PPSA02396_00-BO2PS50000000000	MOBILE SUIT GUNDAM BATTLE OPERATION 2	https://sgst.prod.dl.playstation.net/sgst/prod/00/np/PPSA02396_00/e38e3178-fc7d-4c2c-85dc-a729cd87dcb0-version.xml
EP0002-PPSA02051_00-CODCWTHEGAME0001	Call of Duty®: Black Ops Cold War	https://sgst.prod.dl.playstation.net/sgst/prod/00/np/PPSA02051_00/a2111c8c-53a9-463e-b1a4-1d0dbd83853a-version.xml
EP4040-PPSA01951_00-CONTROLUEPS50000	Control Ultimate Edition	https://sgst.prod.dl.playstation.net/sgst/prod/00/np/PPSA01951_00/708b12d3-6dfb-41f4-ac73-2d0d4a4567b7-version.xml
EP4008-PPSA02113_00-WTASIEE000000000	Werewolf: The Apocalypse - Earthblood	https://sgst.prod.dl.playstation.net/sgst/prod/00/np/PPSA02113_00/3a0ba12e-7268-4855-b927-2113c5013fe9-version.xml
UP2373-PPSA02408_00-THEPEDESTRIAN001	The Pedestrian	https://sgst.prod.dl.playstation.net/sgst/prod/00/np/PPSA02408_00/5e676af7-d083-45ee-bbd8-df96149e03c6-version.xml
UP2200-PPSA01882_00-CYBERSHADOW00001	Cyber Shadow	https://sgst.prod.dl.playstation.net/sgst/prod/00/np/PPSA01882_00/44c99ec9-4189-455b-8331-0d04db1a9a01-version.xml
EP9000-PPSA02486_00-NIOH2CE000000000	Nioh 2 Remastered - The Complete Edition	https://sgst.prod.dl.playstation.net/sgst/prod/00/np/PPSA02486_00/c499346c-5a07-43e3-8833-3fcc0dc8012b-version.xml
EP9000-PPSA02482_00-NIOHCEPS50000000	Nioh Remastered - The Complete Edition	https://sgst.prod.dl.playstation.net/sgst/prod/00/np/PPSA02482_00/e94966d1-1152-4cae-9583-4f8a1b93704b-version.xml
EP9000-PPSA02630_00-DALLSTARSPLUS001	Destruction AllStars™	https://sgst.prod.dl.playstation.net/sgst/prod/00/np/PPSA02630_00/c0e70fa8-711a-4210-bfbe-1d6c1f466daa-version.xml
UP4040-PPSA01949_00-CONTROLUEPS50000	Control Ultimate Edition	https://sgst.prod.dl.playstation.net/sgst/prod/00/np/PPSA01949_00/57b8e89e-668b-46cc-8182-8189370d26ac-version.xml
JP9000-PPSA02713_00-DALLSTARSPLUS001	Destruction AllStars™	https://sgst.prod.dl.playstation.net/sgst/prod/00/np/PPSA02713_00/c0189306-410f-458d-9773-904af12faec9-version.xml
HP9000-PPSA02714_00-DALLSTARSPLUS001	Destruction AllStars™	https://sgst.prod.dl.playstation.net/sgst/prod/00/np/PPSA02714_00/17a25d3b-edfe-4150-ba40-b6b5d402cd0c-version.xml
JP0507-PPSA01954_00-CONTROLUEPS50000	Control Ultimate Edition	https://sgst.prod.dl.playstation.net/sgst/prod/00/np/PPSA01954_00/fd61b590-e639-47bf-9c9a-3d21e339f923-version.xml